PREVIOUS;CURRENT;COUNTER
brochettes de crevettes;grillees;1
fish and;chips;1
canard aux champignon;noirs;1
cheddar;bacon;1
chinoise auk;crevettes;1
à la papaye épicé;tha;3
pté en crote;aux ris;1
croustillant de fraises;et de framboises;1
filet de boeuf;chateaubriand;1
filet de boeuf;angus;1
filet de boeuf;en crote;1
aux crevettes crabe;ou;1
en crote aux ris;de veau;1
en crote sauce;foie;1
ia sauce;saté;1
pate gnocchi;gorgonzola;1
salade au buf;epicee;1
filet de bceuf;poélé;1
créme décrevlsses;et risotto;1
saumon fumé;cheese;2
glace marrons;glacés;1
pho aux bouleites;de boeuf;1
porc ou;poulet;1
stjacques au sel;et poivre;1
thon cuit;avocat;4
gteau de foie;de volaille;1
raviolis pékinois;frits;1
bcwchées de crevettes;wapeur;1
potage de poulet;aux nouilles;1
potage de poulet;aux vermicelless;1
fumé cheese;avocat;1
beignet d;acras;1
de veau et foie;gras;1
tarte tatin;banane;1
tarte tatin;aux fruit;1
tarte tatin;revisitée;1
de poulet aux vermicelless;chinoises;1
de socca ratatouille;nigolse;1
cuisses de grenouille;au poivre;1
cuisses de grenouille;impériales;1
noix de st;jacques;1
de boeuf en crote;sauce;1
galette de socca;ratatouille;1
glace fraise;des bois;1
saint jacques;au basilic;1
saint jacques;la sauce;1
saint jacques;sate;1
pepe soupe;de tripe;1
de lotus chaud;et froid;1
mahal special;curry;1
mayonnaise aux herbes;chimichurri;1
le pav;de boeuf;1
ia truffe;artichaut;1
potage crabe;aux asperges;1
coquilles saint;jacques;3
coquilles stjacques;en beignet;1
coquilles stjacques;sautées;1
coquilles stjacques;au sel;1
coquilles stjacques;ia;1
poulet tikka;biryani;1
poulet tikka;massala;1
potage aux asperges;et à la chair;1
potage aux asperges;et crabe;1
roses de saint;cenix;1
plateau de lotus;chaud;1
millefeuille la vanille;bourbon;1
salade de fruits;tropicaux;1
tiéde au boudin;noir;1
le taj;mahal;2
salade à la papaye;épicé;1
crevettes sautées;ail;1
pizza bufflonne;thon;1
potage fruits;de mer;1
ai funghi;porcini;1
potage piquand;à la pékinoise;1
nouilles sautées;boeuf;1
nouilles sautées;paulet;1
nouilles sautées;aux légumes;1
nouilles sautées;crevettes;1
nouilles sautées;porc;1
nouilles sautées;aux crevettes;1
nouilles sautées;nature;1
salade fruits;de mer;1
colombo porc;ou;1
filet de posson;à la sauce;1
ravioli ai;funghi;1
tarte tiéde;au boudin;1
le steak;cheval;1
pizza ravioli;ai;1
travers de porc;au caramel;1
travers de porc;grillés;1
travers de porc;laqué;1
omelette à la chair;de crabe;1
boeuf sauce;saté;1
boeuf à la sauce;impériale;1
salade au calamar;epicee;1
seiches à la sauce;pékinoise;1
tartare de saumon;gravlax;1
soupe thailandaise;aux creveites;1
lasagne al;forno;1
canard aux cinq;parfums;1
cuisses de verouie;au ongembre;1
petit salé;aux lentilles;1
jacques la sauce;piquante;1
riz gluant;ia;1
de poulet aux nouilles;chinoises;1
cocotte au foie;gras;1
crevettes à la papaye;épicé;1
terrine de foie;gras;1
tarte aux pralines;roses;1
de mer à la papaye;épicé;1
toasts aux crevettes;frits;1
seiches au sel;et au poivre;1
salade aux crevettes;epicee;1
salade aux crevettes;crabe;1
brocolis sautés;nature;1
soupe speciale;maison;1
poisson braisé;à la kmer;1
filet de poisson;curry;1
filet de poisson;à la sauce;1
parfumé au poivre;de penia;1
fondue aux fruits;de mer;1
salade à la chair;de crabe;1
potage tha;aux crevettes;1
pizza mortadella;ia;1
de tripe parfumé;au poivre;1
sorbet fraises;framboise;1
soupe de tripe;parfumé;1
potage de raviolis;chinois;1
thon avocat;épicé;2
aile de raie;crenobloise;1
cote de boeuf;assaisonné;1
boeuf balti;gosth;1
sur lit de crème;anglaise;1
taj mahal;special;1
petite salade;de roquette;1
poulet tandoori;massala;1
aux chocolat sur lit;de crème;1
mozzarella saucisse;piquante;1
grosses crevettes;sel;1
grosses crevettes;ia;1
;;
grillés au sel;et au poivre;1
tarte au citron;meringuée;1
gorgonzola e;noc;1
soupe aux raviolis;chinois;1
porc à la sauce;impériale;1
porc à la sauce;saté;1
porc à la sauce;aigredouce;1
de foie gras;de canard;1
riz sauté;thai;1
sorbet fruits;de la passion;1
poulet banane;plantain;1
saumon avocat;épicé;2
crevettes ia;citronnelle;1
de maison aux fruits;de mer;1
potage de crevettes;à la citronnelle;1
tomate jouno;burrata;1
tomate mozzarella;origan;1
mozzarella jambon;fumé;1
mozzarella parmesan;basilic;1
croquettes de crevette;frits;1
pizza sauce;tomate;1
agneau balti;gosth;1
agneau tikka;massala;1
boulette de boeuf;épicé;1
de posson à la sauce;aigredouce;1
de poisson à la sauce;pékinoge;1
mignon de porc;ibérique;1
brandade de morue;fraiche;1
pizza chitarra;fusilli;1
sauté aux noix;de coco;1
gnocchi gorgonzola;e;1
oeuf cocotte;au foie;1
soupe vermicelle;au poulet;1
pommes de terre;paprika;1
stjacques aux noix;de ceou;1
salade crevettes;à la papaye;1
salade chinoise;auk;1
moelleux aux chocolat;sur lit;1
nouilles croquantes;boeuf;1
nouilles croquantes;aux crevettes;1
nouilles croquantes;pavot;1
potage de maison;aux fruits;1
filet mignon;de porc;1
tatin aux fruit;de saison;1
aux asperges et à la chair;de crabe;1
gluant ia;vapeur;1
antipasto al;all;1
aux pralines roses;de saint;1
aux ris de veau;et foie;1
roviolis pékinois;villés;1
soupe nouilles;au canard;1
tiep bou;dienn;1
auk crevettes;et crabe;1
la poutine cheddar;;1
ris de veau;de coeur;1
potage au poulet;et aux vermicelles;1
nouiles sautées;au poulet;1
soupe pho;aux bouleites;1
décrevlsses et risotto;aux champignons;1
riz oeuf;dur;1
sauté thai;aux crevettes;1
fruits de mer;à la citronneue;1
fruits de mer;à la papaye;1
biryani le;taj;1
crostatina al;limone;1
bufflonne thon;courgettes;1
camembert cceur;de lion;1
tempura crevette;concombre;2
ribs de porc;marinés;2
noix de saint;jacques;1
salade thai;au boeuf;1
stjacques ia;sauce;1
sauce tomate;mozzarella;1
crabe ou;poulet;1
crevettes sel;et poivre;1
de porc grillés;au sel;1
panacotta fruit;rouge;1
poulet sauce;piquante;1
poulet sauce;saté;1
saint cochon;du bistrot;1
poulet fermier;la créme;1
porc aux champignons;noirs;1
mortadella ia;truffe;1
crevettes grillées;au barbecue;1
sauce foie;gras;1
le tartare;du pimont;1
canard aux champignons;noirs;1
crevettes sauce;aigredouce;1
saumon fumé;avocat;1
coquiiies stjacques;aux noix;1
poulet sauté;aux noix;1
emmental bouchées;au cheddar;1
chitarra fusilli;maccheroni;1
tempura buf;au fromage;1
st marcellin;chaud;1
steak haché;frais;1
salade de chévre;chaud;1
potage pékinois;épicé;1
porc au caramel;ou;1
au caramel ou;à lananas;1
au foie gras;de canard;1
